{
    "input_variables": [
        "Ra",
        "Rb",
        "Rc",
        "Ud",
        "Uq",
        "Vd",
        "Vq"
    ],
    "output_variables": [
        "Isd",
        "Isq"
    ],
    "a_0_0": [
        0.24473097920417786,
        0.16215693950653076
    ],
    "b_0_0": [
        0.0331428162753582,
        0.04593357443809509,
        0.018188146874308586
    ],
    "a_0_1": [
        -0.31314751505851746,
        0.09131228923797607
    ],
    "b_0_1": [
        0.09554820507764816,
        0.09844943135976791,
        0.10112570226192474
    ],
    "a_1_0": [
        -0.3673613965511322,
        0.23030531406402588
    ],
    "b_1_0": [
        -0.04823603853583336,
        -0.05579584464430809,
        -0.07556154578924179
    ],
    "a_1_1": [
        -0.07589250802993774,
        0.022822141647338867
    ],
    "b_1_1": [
        -0.018222929909825325,
        -0.025714077055454254,
        -0.013910912908613682
    ],
    "F1": {
        "n_in": 7,
        "n_hid": 20,
        "n_out": 2,
        "activation": "tanh",
        "net.0.weight": [
            [
                -0.05093139410018921,
                0.18437521159648895,
                -0.3591834008693695,
                -0.389874130487442,
                -0.24729113280773163,
                -0.010319841094315052,
                -0.09830642491579056
            ],
            [
                0.29483163356781006,
                0.00860820896923542,
                0.09516170620918274,
                -0.24628309905529022,
                -0.11982270330190659,
                -0.4928274154663086,
                -0.2714330554008484
            ],
            [
                -0.4088168144226074,
                -0.22345560789108276,
                -0.10358845442533493,
                0.2069995403289795,
                -0.5049319863319397,
                -0.1863451451063156,
                -0.1210903748869896
            ],
            [
                0.1293780505657196,
                -0.24702440202236176,
                0.09835619479417801,
                -0.0008579931454733014,
                -0.16690564155578613,
                0.40083441138267517,
                -0.576927661895752
            ],
            [
                -0.33146265149116516,
                -0.19767333567142487,
                -0.24085034430027008,
                0.46401387453079224,
                -0.21200032532215118,
                -0.036981288343667984,
                -0.25805842876434326
            ],
            [
                -0.4229939877986908,
                -0.2911728322505951,
                0.25589028000831604,
                0.3026410937309265,
                0.21229501068592072,
                0.1534787267446518,
                -0.1922016739845276
            ],
            [
                0.03988724201917648,
                -0.34563010931015015,
                -0.29716286063194275,
                -0.31544244289398193,
                0.17893876135349274,
                0.1012188270688057,
                -0.21053318679332733
            ],
            [
                0.0776568129658699,
                0.2664138078689575,
                0.4670414626598358,
                0.27564147114753723,
                0.1542142629623413,
                0.3788280487060547,
                -0.1354762315750122
            ],
            [
                0.08249562978744507,
                -0.24777638912200928,
                -0.24989768862724304,
                -0.32009923458099365,
                0.10710831731557846,
                0.027404824271798134,
                -0.26727333664894104
            ],
            [
                -0.03014717809855938,
                0.06242182478308678,
                -0.19203858077526093,
                0.1477392166852951,
                0.08551359176635742,
                0.36734649538993835,
                0.32734718918800354
            ],
            [
                -0.33402979373931885,
                -0.18744075298309326,
                0.1057823896408081,
                0.43877625465393066,
                0.3655185401439667,
                0.45879265666007996,
                0.08893376588821411
            ],
            [
                -0.4685105085372925,
                -0.10130229592323303,
                -0.376295804977417,
                -0.21422886848449707,
                0.32515421509742737,
                0.42489975690841675,
                -0.41945990920066833
            ],
            [
                0.3041905164718628,
                0.15284691751003265,
                0.17124781012535095,
                -0.2083945870399475,
                0.39115196466445923,
                -0.2574463486671448,
                0.39476922154426575
            ],
            [
                0.3602779805660248,
                0.3986099660396576,
                0.31046348810195923,
                -0.4169502854347229,
                -0.07062405347824097,
                0.14693094789981842,
                0.2662823796272278
            ],
            [
                -0.2536526620388031,
                -0.14806577563285828,
                0.3967612385749817,
                0.13253779709339142,
                -0.22609595954418182,
                -0.21706560254096985,
                -0.40185409784317017
            ],
            [
                0.2491939216852188,
                -0.041158527135849,
                -0.035557787865400314,
                -0.006585713010281324,
                0.29838424921035767,
                -0.13856500387191772,
                0.47493430972099304
            ],
            [
                -0.16597044467926025,
                0.39740580320358276,
                0.3230547606945038,
                -0.45097410678863525,
                -0.1239088848233223,
                -0.11481355875730515,
                0.0518094077706337
            ],
            [
                -0.12726405262947083,
                -0.05603883042931557,
                -0.1942673921585083,
                -0.047647442668676376,
                0.11176931858062744,
                -0.22638502717018127,
                -0.322841614484787
            ],
            [
                0.15522730350494385,
                0.04568728432059288,
                0.11761851608753204,
                -0.3253443241119385,
                0.15230752527713776,
                0.06712130457162857,
                -0.002940182341262698
            ],
            [
                -0.18722239136695862,
                0.14688505232334137,
                -0.2066803127527237,
                -0.08497479557991028,
                -0.18322354555130005,
                -0.019306663423776627,
                0.09027433395385742
            ]
        ],
        "net.0.bias": [
            0.3703114688396454,
            0.2632203996181488,
            0.35424286127090454,
            0.03003508411347866,
            -0.36098599433898926,
            -0.2041613757610321,
            0.2862594723701477,
            -0.01000463031232357,
            -0.15522858500480652,
            -0.31082212924957275,
            -0.3748723268508911,
            -0.34861502051353455,
            -0.09691586345434189,
            0.16139738261699677,
            0.23539818823337555,
            -0.36457282304763794,
            0.2608329653739929,
            -0.3223720192909241,
            -0.11153769493103027,
            -0.11478032171726227
        ],