{
    "input_variables": [
        "Ra",
        "Rb",
        "Rc",
        "Ud",
        "Uq",
        "Vd",
        "Vq"
    ],
    "output_variables": [
        "Isd",
        "Isq"
    ],
    "a_0_0": [
        0.6520208120346069,
        0.378070592880249
    ],
    "b_0_0": [
        0.15059295296669006,
        -0.16597971320152283,
        -0.08476576209068298
    ],
    "a_0_1": [
        0.15460099279880524,
        -0.0012154579162597656
    ],
    "b_0_1": [
        0.6092696785926819,
        0.398054838180542,
        0.03322651609778404
    ],
    "a_1_0": [
        -0.15582908689975739,
        -0.08141589164733887
    ],
    "b_1_0": [
        -0.2766049802303314,
        -0.660845935344696,
        -0.6610901951789856
    ],
    "a_1_1": [
        -0.3233291506767273,
        -0.033210694789886475
    ],
    "b_1_1": [
        0.5771412253379822,
        0.4160078763961792,
        0.21110908687114716
    ],
    "F1": {
        "n_in": 7,
        "n_hid": 20,
        "n_out": 2,
        "activation": "tanh",
        "net.0.weight": [
            [
                0.46315300464630127,
                0.09327894449234009,
                0.2542084753513336,
                -0.03187771141529083,
                -0.7674828171730042,
                0.16971388459205627,
                0.674378514289856
            ],
            [
                0.42156362533569336,
                0.01818840764462948,
                0.2763771116733551,
                -0.518220841884613,
                -0.03200109675526619,
                -0.12884192168712616,
                -0.02884024940431118
            ],
            [
                -0.039035145193338394,
                -0.03825614973902702,
                0.032330431044101715,
                0.25910675525665283,
                -1.1900051832199097,
                -0.04121409356594086,
                0.22752447426319122
            ],
            [
                0.6556417346000671,
                0.0056846956722438335,
                0.7216185927391052,
                -0.5727984309196472,
                -0.11137515306472778,
                0.01032160222530365,
                -0.1066773533821106
            ],
            [
                -0.9191538095474243,
                -0.015485421754419804,
                -0.8294256329536438,
                0.4646579325199127,
                0.09113209694623947,
                -0.07576965540647507,
                0.03652498498558998
            ],
            [
                -0.5679114460945129,
                0.0015160896582528949,
                0.11107507348060608,
                1.2948901653289795,
                -0.10391069203615189,
                0.10567043721675873,
                -0.1079835370182991
            ],
            [
                -0.8973904252052307,
                -0.18543143570423126,
                -0.9708388447761536,
                0.24156686663627625,
                0.6586359739303589,
                0.029161004349589348,
                0.005398969165980816
            ],
            [
                -0.035432178527116776,
                0.032594192773103714,
                0.2621344029903412,
                0.2829654812812805,
                -0.6783895492553711,
                0.09184373915195465,
                -0.5663192272186279
            ],
            [
                0.3008599281311035,
                -0.014250229112803936,
                0.08598887920379639,
                -1.6369633674621582,
                0.5421997308731079,
                -0.011931318789720535,
                0.04108753800392151
            ],
            [
                -0.17324095964431763,
                -0.06383386254310608,
                -0.1501064896583557,
                0.23029085993766785,
                -0.08762965351343155,
                0.14030112326145172,
                0.09332329034805298
            ],
            [
                -0.5229781866073608,
                -0.1559743732213974,
                -0.2628036439418793,
                0.6051320433616638,
                0.5814063549041748,
                0.04910761117935181,
                -0.021185487508773804
            ],
            [
                -0.3953791856765747,
                -0.0866256058216095,
                -0.3634159564971924,
                0.24759867787361145,
                0.19338062405586243,
                0.15516072511672974,
                -0.048674460500478745
            ],
            [
                0.06959637254476547,
                -0.09458660334348679,
                -0.05658065900206566,
                0.04029233008623123,
                1.0596119165420532,
                -0.09605240821838379,
                -0.13638268411159515
            ],
            [
                0.508641242980957,
                0.13284645974636078,
                0.44408419728279114,
                -0.6082862019538879,
                -0.4218049645423889,
                0.18524451553821564,
                -0.0023676655255258083
            ],
            [
                -0.14053072035312653,
                -0.45187291502952576,
                0.33814889192581177,
                0.06410971283912659,
                -0.06817498803138733,
                -0.21321488916873932,
                0.49036428332328796
            ],
            [
                0.18402110040187836,
                0.1391860842704773,
                0.22476468980312347,
                1.8816618919372559,
                -0.5451980233192444,
                0.138316348195076,
                -0.04111051559448242
            ],
            [
                -0.009330492466688156,
                0.12087050825357437,
                0.7405012249946594,
                -0.9417431950569153,
                -0.1177140548825264,
                -0.038248155266046524,
                -0.005488088820129633
            ],
            [
                0.019837381318211555,
                0.12502942979335785,
                -0.07982680946588516,
                -0.15403828024864197,
                -0.1555984765291214,
                -0.26109668612480164,
                0.42214909195899963
            ],
            [
                -0.013894605450332165,
                0.005151120014488697,
                -0.0698302760720253,
                -0.11817711591720581,
                0.3471587300300598,
                0.10229628533124924,
                -0.2734910845756531
            ],
            [
                0.035453565418720245,
                0.07361738383769989,
                -0.12604522705078125,
                -0.3848777413368225,
                -0.05095186084508896,
                0.07014253735542297,
                0.37526047229766846
            ]
        ],
        "net.0.bias": [
            1.016249418258667,
            0.5286347270011902,
            0.05105588585138321,
            -0.2867587208747864,
            -1.6948450803756714,
            0.1331322193145752,
            -0.6812183260917664,
            -0.14668616652488708,
            -0.538936972618103,
            -0.43717285990715027,
            -0.8685192465782166,
            -0.758734405040741,
            0.19257192313671112,
            1.0903817415237427,
            0.3107609748840332,
            -0.23526664078235626,
            0.5606331825256348,
            -0.34277692437171936,
            0.008545908145606518,
            -0.2045794129371643
        ],