{
    "input_variables": [
        "Ra",
        "Rb",
        "Rc",
        "Ud",
        "Uq",
        "Vd",
        "Vq"
    ],
    "output_variables": [
        "Isd",
        "Isq"
    ],
    "a_0_0": [
        -0.1558205932378769,
        -0.1543933004140854
    ],
    "b_0_0": [
        0.07712887972593307,
        0.07419205456972122
    ],
    "a_0_1": [
        -0.11510790139436722,
        -0.10204347223043442
    ],
    "b_0_1": [
        0.09978675842285156,
        0.09522216022014618
    ],
    "a_1_0": [
        -0.1125820130109787,
        -0.10133061558008194
    ],
    "b_1_0": [
        0.10725933313369751,
        0.11202730238437653
    ],
    "a_1_1": [
        -0.10282618552446365,
        -0.10488154739141464
    ],
    "b_1_1": [
        -0.10436344891786575,
        -0.1005883440375328
    ],
    "F1": {
        "n_in": 7,
        "n_hid": 20,
        "n_out": 2,
        "activation": "tanh",
        "net.0.weight": [
            [
                0.19146385788917542,
                0.3794606328010559,
                -0.11678814142942429,
                -0.34741687774658203,
                0.07721061259508133,
                0.03452833369374275,
                0.24372750520706177
            ],
            [
                0.42574018239974976,
                0.08417883515357971,
                0.22607025504112244,
                -0.22017312049865723,
                -0.015552808530628681,
                -0.4659520983695984,
                -0.1582309454679489
            ],
            [
                -0.0469534806907177,
                0.07807506620883942,
                0.25827479362487793,
                0.348131000995636,
                -0.06557422876358032,
                -0.043314918875694275,
                0.31747642159461975
            ],
            [
                0.3988555371761322,
                -0.037739984691143036,
                0.3678336441516876,
                0.03771265968680382,
                0.1869352012872696,
                0.44104862213134766,
                -0.21912185847759247
            ],
            [
                -0.35554441809654236,
                -0.2001819759607315,
                -0.26493170857429504,
                0.43795469403266907,
                -0.23212511837482452,
                -0.06362716108560562,
                -0.28233590722084045
            ],
            [
                -0.4751830995082855,
                -0.3233315944671631,
                0.2037012279033661,
                0.27569136023521423,
                0.1638287603855133,
                0.1258939802646637,
                -0.2394743114709854
            ],
            [
                0.21102876961231232,
                -0.21352174878120422,
                -0.1260214000940323,
                -0.28894558548927307,
                0.33232051134109497,
                0.12844373285770416,
                -0.03318477421998978
            ],
            [
                -0.21159136295318604,
                0.056373607367277145,
                0.17779357731342316,
                0.21301516890525818,
                -0.18102194368839264,
                0.3137979805469513,
                -0.4781169593334198
            ],
            [
                0.2035939246416092,
                -0.1595175862312317,
                -0.12879939377307892,
                -0.30133992433547974,
                0.21176570653915405,
                0.046824052929878235,
                -0.14777638018131256
            ],
            [
                -0.016485273838043213,
                0.07199464738368988,
                -0.178376704454422,
                0.12305193394422531,
                0.14599521458148956,
                0.34238359332084656,
                0.3933451175689697
            ],
            [
                -0.4454600512981415,
                -0.2700875699520111,
                -0.005647942889481783,
                0.4170635938644409,
                0.26103129982948303,
                0.43634727597236633,
                -0.03729036822915077
            ],
            [
                -0.4056016802787781,
                -0.041253507137298584,
                -0.31338685750961304,
                -0.24132980406284332,
                0.4158044457435608,
                0.3976147472858429,
                -0.32332468032836914
            ],
            [
                0.05632622167468071,
                -0.050006866455078125,
                -0.07661637663841248,
                -0.28816160559654236,
                0.021565115079283714,
                -0.33848631381988525,
                0.03334896266460419
            ],
            [
                0.1407431811094284,
                0.23282994329929352,
                0.09092868119478226,
                -0.40575772523880005,
                -0.3428550362586975,
                0.15775887668132782,
                0.004629481118172407
            ],
            [
                -0.15917053818702698,
                -0.08292736858129501,
                0.4912434220314026,
                0.1527262181043625,
                -0.13376827538013458,
                -0.19643987715244293,
                -0.290221631526947
            ],
            [
                -0.08378265053033829,
                -0.31946292519569397,
                -0.368534654378891,
                -0.14765095710754395,
                -0.142777219414711,
                -0.2814652919769287,
                0.03676576167345047
            ],
            [
                -0.11318862438201904,
                0.4341234862804413,
                0.3758365511894226,
                -0.4244718849658966,
                -0.07967040687799454,
                -0.0877479836344719,
                0.09651470929384232
            ],
            [
                0.29547542333602905,
                0.31257808208465576,
                0.22847209870815277,
                -0.059828560799360275,
                0.4681794047355652,
                -0.23556631803512573,
                0.06994011253118515
            ],
            [
                -0.12992487847805023,
                -0.17629429697990417,
                -0.1675337255001068,
                -0.4283243715763092,
                -0.24732638895511627,
                -0.03750860318541527,
                -0.39825156331062317
            ],
            [
                0.1724362075328827,
                0.4294891655445099,
                0.15297825634479523,
                -0.039282236248254776,
                0.2601328194141388,
                0.02943401411175728,
                0.5410127639770508
            ]
        ],
        "net.0.bias": [
            0.3221520781517029,
            0.25473254919052124,
            0.38621363043785095,
            0.016590476036071777,
            -0.31989166140556335,
            -0.17282085120677948,
            0.2431865930557251,
            0.03372188284993172,
            -0.2015669345855713,
            -0.26123303174972534,
            -0.3502786159515381,
            -0.33289384841918945,
            -0.13256818056106567,
            0.1853705197572708,
            0.20480456948280334,
            -0.37584081292152405,
            0.23316225409507751,
            -0.19593901932239532,
            -0.15023984014987946,
            -0.12581709027290344
        ],