{
    "input_variables": [
        "Ud",
        "Uq",
        "Vd",
        "Vq"
    ],
    "output_variables": [
        "Isd",
        "Isq"
    ],
    "a_0_0": [
        -0.11087546497583389,
        -0.15956813097000122
    ],
    "b_0_0": [
        0.12761075794696808,
        0.05567261204123497,
        0.006825974676758051
    ],
    "a_0_1": [
        -1.5579832792282104,
        0.8371485471725464
    ],
    "b_0_1": [
        0.20257678627967834,
        0.021694397553801537,
        -0.5187905430793762
    ],
    "a_1_0": [
        -0.679421603679657,
        0.26809048652648926
    ],
    "b_1_0": [
        0.12559986114501953,
        0.07681646943092346,
        -0.05822068825364113
    ],
    "a_1_1": [
        -1.3790462017059326,
        0.684313178062439
    ],
    "b_1_1": [
        0.17887791991233826,
        0.39617031812667847,
        0.5327264666557312
    ],
    "F1": {
        "n_in": 4,
        "n_hid": 20,
        "n_out": 2,
        "activation": "tanh",
        "net.0.weight": [
            [
                0.1129617914557457,
                0.4459812045097351,
                -0.6551469564437866,
                -1.1166653633117676
            ],
            [
                -0.020392853766679764,
                0.4420836567878723,
                -0.07897160202264786,
                -0.1320880800485611
            ],
            [
                0.1453135758638382,
                0.3102966845035553,
                -0.07661201804876328,
                -0.409811407327652
            ],
            [
                -0.3330230414867401,
                -0.7684886455535889,
                0.12276598811149597,
                0.47952911257743835
            ],
            [
                0.40939196944236755,
                0.3901752233505249,
                -0.19277916848659515,
                -0.0052488637156784534
            ],
            [
                0.44999873638153076,
                0.742542564868927,
                -0.04411560297012329,
                -0.4137350916862488
            ],
            [
                -0.09965150058269501,
                0.29376158118247986,
                0.2908497750759125,
                -0.48248156905174255
            ],
            [
                -0.15523743629455566,
                -0.5338774919509888,
                0.19117017090320587,
                1.0169669389724731
            ],
            [
                -0.13180357217788696,
                0.14528392255306244,
                -0.369545578956604,
                -0.8568154573440552
            ],
            [
                -0.08654352277517319,
                0.8256922364234924,
                0.24296987056732178,
                -0.32654377818107605
            ],
            [
                -0.04668273776769638,
                0.3798200488090515,
                -0.22810399532318115,
                -1.1758208274841309
            ],
            [
                -0.484919011592865,
                -0.03038730099797249,
                0.2953159213066101,
                0.09001198410987854
            ],
            [
                -0.11469147354364395,
                -0.35538676381111145,
                0.7132419347763062,
                0.3223263919353485
            ],
            [
                0.13127002120018005,
                0.5056677460670471,
                0.0636150985956192,
                -0.8676560521125793
            ],
            [
                0.05940013751387596,
                -0.23502156138420105,
                -0.3603156805038452,
                0.044493358582258224
            ],
            [
                0.2575877904891968,
                -0.14658339321613312,
                -0.04996625334024429,
                0.6384369134902954
            ],
            [
                0.26010018587112427,
                0.3538029193878174,
                -0.1981462836265564,
                -0.663061261177063
            ],
            [
                0.3447284698486328,
                0.8630576729774475,
                -0.6014278531074524,
                -1.1387064456939697
            ],
            [
                -0.03363877534866333,
                0.048305779695510864,
                0.3581112027168274,
                0.7509170174598694
            ],
            [
                -0.06925421953201294,
                -0.6405173540115356,
                0.03028787299990654,
                0.2557968199253082
            ]
        ],
        "net.0.bias": [
            -0.45785656571388245,
            0.38389310240745544,
            0.32094132900238037,
            -0.38055115938186646,
            0.08446813374757767,
            -0.1304684430360794,
            -0.13826683163642883,
            -0.06339886039495468,
            0.12550503015518188,
            -0.28402698040008545,
            -0.017554963007569313,
            0.23298713564872742,
            0.48212897777557373,
            0.051457300782203674,
            -0.3939971625804901,
            -0.26479455828666687,
            0.06692138314247131,
            0.012553911656141281,
            -0.33344706892967224,
            -0.25619709491729736
        ],
        "net.2.weight": [
            [
                0.4141010642051697,
                0.10358425974845886,
                -0.1247829720377922,
                -0.0943654477596283,
                -0.0794956386089325,
                0.125792995095253,
                -0.02898547425866127,
                -0.2111409604549408,
                0.15051135420799255,
                0.03554530069231987,
                0.26354601979255676,
                -0.037432655692100525,
                -0.3768388330936432,
                0.1720496267080307,
                0.24288776516914368,
                -0.1307392716407776,
                0.004873510915786028,
                0.7261397242546082,
                -0.0034267259761691093,
                0.041849132627248764
            ],
            [
                -0.08530034124851227,
                -0.008912747725844383,
                -0.16639085114002228,
                0.20535916090011597,
                -0.28245458006858826,
                -0.4301423132419586,
                -0.2414022833108902,
                0.29928767681121826,
                -0.15449488162994385,
                -0.28889915347099304,
                -0.6061336398124695,
                0.10619721561670303,
                0.007119974121451378,
                -0.34222498536109924,
                0.13137556612491608,
                0.06935876607894897,
                -0.35718655586242676,
                -1.2710148096084595,
                0.071828693151474,
                0.2171248495578766
            ]
        ],
        "net.2.bias": [
            0.15807616710662842,
            0.13455930352210999
        ]
    },
    "F2": {
        "n_in": 2,
        "n_hid": 20,
        "n_out": 2,
        "activation": "tanh",