{
    "input_variables": [
        "Ud",
        "Uq",
        "V0",
        "Vd",
        "Vq"
    ],
    "output_variables": [
        "Is0",
        "Isd",
        "Isq"
    ],
    "a_0_0": [
        -0.33334773778915405,
        0.12314009666442871
    ],
    "b_0_0": [
        -0.018682032823562622,
        -0.043800756335258484,
        -0.017762115225195885
    ],
    "a_0_1": [
        0.10385488718748093,
        0.02147698402404785
    ],
    "b_0_1": [
        -0.35895398259162903,
        -0.12393790483474731,
        -0.04427419230341911
    ],
    "a_1_0": [
        0.004409422166645527,
        -0.3460923433303833
    ],
    "b_1_0": [
        -0.13114722073078156,
        0.08518465608358383,
        0.32269638776779175
    ],
    "a_1_1": [
        0.09797599166631699,
        0.06918716430664062
    ],
    "b_1_1": [
        0.090658038854599,
        0.09975796937942505,
        0.12491799145936966
    ],
    "F1": {
        "n_in": 5,
        "n_hid": 20,
        "n_out": 2,
        "activation": "tanh",
        "net.0.weight": [
            [
                -0.6302006840705872,
                0.31530413031578064,
                0.5354342460632324,
                -0.23406155407428741,
                -0.13505026698112488
            ],
            [
                -0.9383024573326111,
                -0.4305168092250824,
                -0.05564616248011589,
                -0.0015719174407422543,
                -0.00312035926617682
            ],
            [
                -0.9711193442344666,
                -0.503797173500061,
                0.5909391641616821,
                -0.09125759452581406,
                -0.020712988451123238
            ],
            [
                1.1777147054672241,
                0.0797278955578804,
                2.094698190689087,
                -0.14155176281929016,
                0.0071487282402813435
            ],
            [
                0.06149594485759735,
                1.2379313707351685,
                0.045877743512392044,
                0.0626433715224266,
                -0.006417963653802872
            ],
            [
                0.36839723587036133,
                1.1750006675720215,
                -2.3367340564727783,
                -0.050771333277225494,
                -0.004384170286357403
            ],
            [
                -1.4353216886520386,
                0.17239336669445038,
                0.16784463822841644,
                0.3039885461330414,
                -0.008325831964612007
            ],
            [
                -1.1771206855773926,
                0.2109648883342743,
                0.42377153038978577,
                0.13007619976997375,
                0.08070141822099686
            ],
            [
                -0.24227379262447357,
                -0.42489659786224365,
                -1.9707812070846558,
                -0.24901247024536133,
                -0.26817116141319275
            ],
            [
                -1.0572359561920166,
                0.702248215675354,
                -0.3903343975543976,
                -0.1518086940050125,
                -0.023689059540629387
            ],
            [
                0.8114525675773621,
                0.4834217429161072,
                -0.4202195405960083,
                0.009848854504525661,
                0.04247358441352844
            ],
            [
                1.2309716939926147,
                0.2668406665325165,
                -0.5379845499992371,
                -0.1180744543671608,
                -0.06221073865890503
            ],
            [
                -0.07034605741500854,
                1.0381194353103638,
                0.2825623154640198,
                0.024369385093450546,
                0.054803043603897095
            ],
            [
                -0.041337449103593826,
                -0.7425536513328552,
                -7.106503963470459,
                0.40536612272262573,
                2.3101887702941895
            ],
            [
                -0.21184217929840088,
                -0.7007198333740234,
                -0.10400526970624924,
                0.1781781166791916,
                0.13135336339473724
            ],
            [
                1.2130701541900635,
                0.21523672342300415,
                0.3600148558616638,
                -0.041562240570783615,
                0.015017560683190823
            ],
            [
                -0.9510418176651001,
                0.15997278690338135,
                0.2551051676273346,
                -0.1719912737607956,
                0.005675561260432005
            ],
            [
                0.3069436848163605,
                -0.2697422206401825,
                0.2351446896791458,
                0.1830415278673172,
                -0.21672117710113525
            ],
            [
                0.7293434143066406,
                0.15641020238399506,
                0.4592706561088562,
                0.12491977214813232,
                -0.1897445172071457
            ],
            [
                0.20914910733699799,
                0.029718369245529175,
                1.681490182876587,
                -0.3998194932937622,
                -0.18780206143856049
            ]
        ],
        "net.0.bias": [
            0.4327625632286072,
            0.1986323595046997,
            -0.4859655499458313,
            -0.5578439235687256,
            -0.49105551838874817,
            0.11124585568904877,
            -0.17850522696971893,
            -0.3998977243900299,
            0.2125033289194107,
            0.021172016859054565,
            -0.08183402568101883,
            0.4583350718021393,
            -0.4352463185787201,
            0.7796474099159241,
            0.49167630076408386,
            -0.3204303979873657,
            -0.36547255516052246,
            -0.15139567852020264,
            -0.09597818553447723,
            -0.09075690060853958
        ],
        "net.2.weight": [
            [
                -0.019403697922825813,
                -0.1623091995716095,
                -0.17897312343120575,
                0.15340474247932434,
                -0.2449713796377182,
                -0.3048741817474365,
                -0.22428204119205475,
                -0.1436668038368225,
                -0.10378950834274292,
                -0.43560904264450073,
                0.10420665144920349,
                0.15253883600234985,
                -0.17204920947551727,
                -0.6033380627632141,
                0.1582994908094406,
                0.2480718493461609,
                -0.1813398003578186,
                0.012612232007086277,
                0.09541979432106018,
                0.10790855437517166
            ],
            [
                0.28883376717567444,
                0.41206321120262146,
                0.5233708024024963,
                -0.2694852352142334,
                -0.3552853763103485,
                -0.43652018904685974,
                0.3693186044692993,
                0.15627539157867432,
                -0.03599996119737625,
                0.2774316966533661,
                -0.5114763975143433,
                -0.2415817826986313,
                -0.21797485649585724,
                0.40239250659942627,
                0.16189222037792206,
                -0.5466479659080505,
                0.3411861062049866,
                -0.15562704205513,
                -0.07304724305868149,
                -0.01325762365013361
            ]
        ],
        "net.2.bias": [
            0.07705063372850418,
            -0.09347476065158844
        ]
    },
    "F2": {
        "n_in": 2,
        "n_hid": 20,
        "n_out": 3,
        "activation": "tanh",