{
    "input_variables": [
        "Ra",
        "Rb",
        "Rc",
        "Ud",
        "Uq",
        "Vd",
        "Vq"
    ],
    "output_variables": [
        "Isd",
        "Isq"
    ],
    "b_0_0": [
        0.4602181911468506,
        0.2058841586112976,
        0.10666017979383469
    ],
    "b_0_1": [
        0.008178045973181725,
        0.31680354475975037,
        0.6529566049575806
    ],
    "b_1_0": [
        0.006638281513005495,
        0.09659740328788757,
        0.0719560980796814
    ],
    "b_1_1": [
        0.049403492361307144,
        0.3628247380256653,
        0.7072613835334778
    ],
    "F1": {
        "n_in": 7,
        "n_hid": 20,
        "n_out": 2,
        "activation": "tanh",
        "net.0.weight": [
            [
                0.5549712181091309,
                0.22461870312690735,
                0.24671903252601624,
                0.010206100530922413,
                0.5558345317840576,
                0.17904427647590637,
                0.2100716531276703
            ],
            [
                0.35314130783081055,
                -0.0004443297511897981,
                0.15347270667552948,
                -0.02223627269268036,
                -0.26875171065330505,
                -0.10885035246610641,
                0.3363751471042633
            ],
            [
                -0.11888071894645691,
                0.0423518642783165,
                0.18634851276874542,
                -0.019414013251662254,
                0.23177745938301086,
                -0.6491596698760986,
                -0.20224693417549133
            ],
            [
                0.21240894496440887,
                -0.06275324523448944,
                0.18138714134693146,
                -0.056529637426137924,
                0.37812361121177673,
                0.09253398329019547,
                -0.9539449214935303
            ],
            [
                -0.4232152998447418,
                -0.08818390220403671,
                -0.33260342478752136,
                0.5674334168434143,
                0.48190903663635254,
                -0.23565368354320526,
                -0.5795660614967346
            ],
            [
                -0.426569402217865,
                -0.0523650124669075,
                0.252314031124115,
                0.3198644816875458,
                0.5136154294013977,
                -0.03568846359848976,
                -0.7559178471565247
            ],
            [
                -0.18168343603610992,
                -0.06302233040332794,
                -0.518731415271759,
                -0.22589552402496338,
                -0.09769309312105179,
                0.3647708296775818,
                -0.0751950591802597
            ],
            [
                0.17373360693454742,
                0.09812259674072266,
                0.5631204843521118,
                -0.10618966817855835,
                -0.42285653948783875,
                0.1274624764919281,
                -0.18675221502780914
            ],
            [
                0.18656374514102936,
                -0.06863962858915329,
                -0.1458296924829483,
                -0.36286115646362305,
                -0.397481769323349,
                0.14930540323257446,
                -0.06714163720607758
            ],
            [
                -0.1166735514998436,
                0.008824704214930534,
                -0.2785642147064209,
                0.044571030884981155,
                0.4098924696445465,
                0.0700707957148552,
                -0.20938435196876526
            ],
            [
                -0.41650500893592834,
                -0.11405215412378311,
                0.02330625243484974,
                0.18846870958805084,
                0.7240988612174988,
                0.015560073778033257,
                -0.3854798972606659
            ],
            [
                -0.2234533280134201,
                0.059484366327524185,
                -0.13123907148838043,
                -0.2018430083990097,
                0.832731306552887,
                0.11334384232759476,
                -0.9856718182563782
            ],
            [
                -0.060893263667821884,
                -0.11520938575267792,
                -0.1938357800245285,
                0.02285701036453247,
                -0.20556510984897614,
                0.2318384349346161,
                0.6425655484199524
            ],
            [
                0.1343207210302353,
                0.05915321782231331,
                0.08450623601675034,
                -0.39309433102607727,
                -0.4959844946861267,
                0.46913212537765503,
                0.7113099098205566
            ],
            [
                -0.12140542268753052,
                -0.03467796370387077,
                0.5290137529373169,
                0.15025284886360168,
                -0.48064154386520386,
                -0.08400308340787888,
                -0.011017541401088238
            ],
            [
                -0.12792155146598816,
                -0.08847522735595703,
                -0.4126739501953125,
                0.04095521569252014,
                -0.1469232589006424,
                0.214883491396904,
                0.9654551148414612
            ],
            [
                -0.20731639862060547,
                0.08060058951377869,
                0.2817092835903168,
                -0.5046269297599792,
                -0.4490676820278168,
                0.039604268968105316,
                0.5756039023399353
            ],
            [
                -0.15376685559749603,
                -0.0747145488858223,
                -0.2207687944173813,
                0.10035838186740875,
                0.16945511102676392,
                -0.41844552755355835,
                -1.199440598487854
            ],
            [
                0.03489353135228157,
                -0.08222167193889618,
                -0.0027150444220751524,
                -0.1645200252532959,
                -0.24770793318748474,
                0.4842054545879364,
                0.4339017868041992
            ],
            [
                -0.01925744116306305,
                0.14622995257377625,
                -0.03871531039476395,
                -0.283404678106308,
                -0.4342010021209717,
                -0.057706207036972046,
                0.37813079357147217
            ]
        ],
        "net.0.bias": [
            0.27002447843551636,
            0.31147125363349915,
            0.3532739579677582,
            0.1930876225233078,
            -0.613521158695221,
            -0.19463664293289185,
            -0.4884781241416931,
            0.19744552671909332,
            -0.297292023897171,
            -0.3755335211753845,
            -0.4988705813884735,
            -0.7224965691566467,
            -0.08592195063829422,
            0.44260919094085693,
            0.368729829788208,
            -0.5605671405792236,
            0.2814938426017761,
            -0.7601418495178223,
            -0.16394266486167908,
            -0.23912747204303741
        ],