{
    "input_variables": [
        "Ud",
        "Uq",
        "Vd",
        "Vq"
    ],
    "output_variables": [
        "Isd",
        "Isq"
    ],
    "a_0_0": [
        -1.015437126159668,
        0.3657327890396118
    ],
    "b_0_0": [
        0.7133632302284241,
        0.6427955031394958,
        0.0706353634595871
    ],
    "a_0_1": [
        -1.4348337650299072,
        0.8486413955688477
    ],
    "b_0_1": [
        0.2808784544467926,
        0.12839004397392273,
        -0.46956756711006165
    ],
    "a_1_0": [
        -1.0741983652114868,
        0.5026991367340088
    ],
    "b_1_0": [
        0.19666369259357452,
        0.31869661808013916,
        0.004074535798281431
    ],
    "a_1_1": [
        -1.384852647781372,
        0.6823798418045044
    ],
    "b_1_1": [
        0.31502649188041687,
        0.42443403601646423,
        0.6989787220954895
    ],
    "F1": {
        "n_in": 4,
        "n_hid": 20,
        "n_out": 2,
        "activation": "tanh",
        "net.0.weight": [
            [
                0.5537512898445129,
                0.24232788383960724,
                -0.6188954710960388,
                -1.5150833129882812
            ],
            [
                0.08230243623256683,
                1.077078104019165,
                -0.3914846181869507,
                -0.06721986085176468
            ],
            [
                0.019642222672700882,
                0.2443525642156601,
                -0.06205388903617859,
                -0.5868951082229614
            ],
            [
                -0.47038763761520386,
                -0.9541951417922974,
                0.23115921020507812,
                0.38491278886795044
            ],
            [
                0.3813247084617615,
                0.40924668312072754,
                -0.2701074779033661,
                0.002208846854045987
            ],
            [
                0.41247886419296265,
                0.7659895420074463,
                -0.11319921910762787,
                -0.42109739780426025
            ],
            [
                -0.15791022777557373,
                0.3599422872066498,
                0.30475595593452454,
                -0.4922280013561249
            ],
            [
                -0.2438563108444214,
                -0.5932614207267761,
                0.17767225205898285,
                1.0023106336593628
            ],
            [
                -0.07493489980697632,
                0.11743343621492386,
                -0.41228267550468445,
                -0.8840996026992798
            ],
            [
                -0.15643739700317383,
                0.9856414198875427,
                0.2733362019062042,
                -0.38849785923957825
            ],
            [
                -0.03566808998584747,
                0.4342724680900574,
                -0.21482807397842407,
                -1.1906787157058716
            ],
            [
                -0.7133477330207825,
                -0.12493433803319931,
                0.33704400062561035,
                -0.02158617228269577
            ],
            [
                -0.45282092690467834,
                -0.07788258045911789,
                0.7564936280250549,
                0.49849605560302734
            ],
            [
                0.19567181169986725,
                0.5466902256011963,
                0.05127036198973656,
                -0.8706567883491516
            ],
            [
                0.30193614959716797,
                -0.1399293690919876,
                -0.3325721323490143,
                0.19014154374599457
            ],
            [
                0.09673396497964859,
                -0.039710842072963715,
                -0.09827809780836105,
                0.6957650780677795
            ],
            [
                0.2509966790676117,
                0.39671316742897034,
                -0.20477378368377686,
                -0.6866587400436401
            ],
            [
                0.41715362668037415,
                0.9023298621177673,
                -0.6232388019561768,
                -1.1291871070861816
            ],
            [
                -0.19893845915794373,
                0.11299777776002884,
                0.18123747408390045,
                0.9328210949897766
            ],
            [
                -0.056213364005088806,
                -0.6026986837387085,
                0.02414904721081257,
                0.3128916621208191
            ]
        ],
        "net.0.bias": [
            -0.5050141215324402,
            0.47519972920417786,
            0.30840054154396057,
            -0.42033928632736206,
            0.0869666039943695,
            -0.11937528103590012,
            -0.12968888878822327,
            -0.0652739480137825,
            0.1059083342552185,
            -0.3157932758331299,
            0.007442518137395382,
            0.17614614963531494,
            0.5090620517730713,
            0.04976089298725128,
            -0.37010669708251953,
            -0.2653121054172516,
            0.07001560181379318,
            0.025605546310544014,
            -0.3363748788833618,
            -0.23820890486240387
        ],
        "net.2.weight": [
            [
                0.49729791283607483,
                0.28513357043266296,
                -0.11142463982105255,
                -0.30296728014945984,
                0.19965967535972595,
                0.2152702659368515,
                -0.08367201685905457,
                -0.19262312352657318,
                0.08046417683362961,
                -0.18484123051166534,
                0.11460020393133163,
                -0.25858989357948303,
                -0.35557013750076294,
                0.19730158150196075,
                0.241372212767601,
                -0.04590855911374092,
                0.14376039803028107,
                1.039676547050476,
                -0.004065319430083036,
                -0.07229958474636078
            ],
            [
                -0.06763417273759842,
                -0.0051848324947059155,
                -0.1723969280719757,
                0.19063757359981537,
                -0.2614351809024811,
                -0.44125813245773315,
                -0.2623286247253418,
                0.39614856243133545,
                -0.19897602498531342,
                -0.34270304441452026,
                -0.6727091670036316,
                0.09729409962892532,
                0.03369005396962166,
                -0.4274040758609772,
                0.1321258693933487,
                0.10492878407239914,
                -0.38312700390815735,
                -1.4817674160003662,
                0.1002483069896698,
                0.21572205424308777
            ]
        ],
        "net.2.bias": [
            0.16970551013946533,
            0.13577933609485626
        ]
    },
    "F2": {
        "n_in": 2,
        "n_hid": 20,
        "n_out": 2,
        "activation": "tanh",