{
    "input_variables": [
        "Ud",
        "Uq",
        "Vd",
        "Vq"
    ],
    "output_variables": [
        "Isd",
        "Isq"
    ],
    "a_0_0": [
        -0.09218064695596695,
        -0.25553619861602783
    ],
    "b_0_0": [
        0.10615593940019608,
        0.24078084528446198,
        0.3331787884235382
    ],
    "a_0_1": [
        -0.4068125784397125,
        0.25083231925964355
    ],
    "b_0_1": [
        -0.35794898867607117,
        -0.2676571011543274,
        -0.10005823522806168
    ],
    "a_1_0": [
        -0.4715876281261444,
        0.2509324550628662
    ],
    "b_1_0": [
        -0.15804487466812134,
        -0.20167246460914612,
        -0.09964018315076828
    ],
    "a_1_1": [
        -0.19495102763175964,
        -0.24884891510009766
    ],
    "b_1_1": [
        0.20504260063171387,
        0.33928462862968445,
        0.703991711139679
    ],
    "F1": {
        "n_in": 4,
        "n_hid": 20,
        "n_out": 2,
        "activation": "tanh",
        "net.0.weight": [
            [
                0.6919866800308228,
                1.9958231449127197,
                -0.5841332077980042,
                -2.966909170150757
            ],
            [
                -0.13891392946243286,
                0.24429260194301605,
                -0.3691692650318146,
                0.009707706049084663
            ],
            [
                0.822003185749054,
                -0.047222137451171875,
                0.3949088752269745,
                0.019698986783623695
            ],
            [
                -1.0793254375457764,
                0.019252201542258263,
                -0.6026026010513306,
                -0.071825310587883
            ],
            [
                -0.19246552884578705,
                -0.5562299489974976,
                0.016520287841558456,
                0.0988713949918747
            ],
            [
                0.25178226828575134,
                -0.024452410638332367,
                0.12888075411319733,
                0.3221019506454468
            ],
            [
                -0.3045012056827545,
                -0.27137690782546997,
                0.4008869230747223,
                -0.11236435174942017
            ],
            [
                -0.30285051465034485,
                -1.3654941320419312,
                0.48129379749298096,
                2.408339023590088
            ],
            [
                -0.4676460325717926,
                -0.1530853509902954,
                -0.2647293210029602,
                -0.35586705803871155
            ],
            [
                -0.1322668045759201,
                -0.29614579677581787,
                0.41124287247657776,
                0.24474751949310303
            ],
            [
                0.00828490313142538,
                -0.36540675163269043,
                0.3176853060722351,
                -0.3646530210971832
            ],
            [
                0.0440792553126812,
                0.07961331307888031,
                -0.05699403956532478,
                0.2519046664237976
            ],
            [
                -0.025270778685808182,
                -0.9429978132247925,
                0.7646361589431763,
                1.954128623008728
            ],
            [
                0.016267387196421623,
                0.6983856558799744,
                -0.1249639242887497,
                -0.2596825957298279
            ],
            [
                -0.08477603644132614,
                0.01511342078447342,
                -0.6193254590034485,
                -0.28228387236595154
            ],
            [
                -0.05618460476398468,
                -0.5371854305267334,
                0.30259010195732117,
                0.22334758937358856
            ],
            [
                1.010490894317627,
                0.3092970550060272,
                -0.014300473034381866,
                0.06196970492601395
            ],
            [
                0.93252032995224,
                0.026975886896252632,
                0.002270741621032357,
                -0.04254312813282013
            ],
            [
                0.28636065125465393,
                0.8781814575195312,
                0.22821791470050812,
                0.3584078252315521
            ],
            [
                -0.11094506084918976,
                0.12031848728656769,
                -0.27311673760414124,
                -0.2402651309967041
            ]
        ],
        "net.0.bias": [
            -0.15653438866138458,
            0.5729182362556458,
            0.6815625429153442,
            -0.889938473701477,
            -0.1132795587182045,
            0.03904655575752258,
            -0.2148246467113495,
            0.13524095714092255,
            0.18270552158355713,
            -0.2767115533351898,
            -0.009790627285838127,
            0.3294297158718109,
            0.2322504073381424,
            0.18256379663944244,
            -0.5111292004585266,
            -0.42871740460395813,
            -0.15145379304885864,
            0.27724936604499817,
            -0.36537057161331177,
            -0.3136628270149231
        ],
        "net.2.weight": [
            [
                0.7387487888336182,
                0.26074865460395813,
                0.20400594174861908,
                -0.4590610861778259,
                -0.22543174028396606,
                0.1744757741689682,
                -0.2823485732078552,
                -0.2822481393814087,
                -0.09690628945827484,
                -0.11890906095504761,
                -0.12183243781328201,
                0.17114058136940002,
                -0.1291618049144745,
                0.3711070418357849,
                0.07371006160974503,
                -0.2654457092285156,
                0.5632997751235962,
                0.38277819752693176,
                0.24960727989673615,
                -0.08918595314025879
            ],
            [
                1.4198169708251953,
                0.09420780837535858,
                -0.0704774335026741,
                0.3530272841453552,
                -0.3661394417285919,
                -0.06260683387517929,
                -0.20187294483184814,
                -0.7858434319496155,
                -0.03704259544610977,
                -0.22906477749347687,
                -0.1215876042842865,
                0.07018623501062393,
                -0.4593508541584015,
                0.2724279463291168,
                0.1944970339536667,
                -0.21994414925575256,
                0.12523537874221802,
                -0.0016061823116615415,
                -0.05180976539850235,
                0.15421485900878906
            ]
        ],
        "net.2.bias": [
            0.36163920164108276,
            0.0635724738240242
        ]
    },
    "F2": {
        "n_in": 2,
        "n_hid": 20,
        "n_out": 2,
        "activation": "tanh",